{"cameraMode":{"drawMode":0,"name":"Shaded","section":"Shading Mode"},"sceneLighting":false,"audioPlay":false,"sceneViewState":{"showFog":true,"showMaterialUpdate":false,"showSkybox":false,"showFlares":true,"showImageEffects":true,"showParticleSystems":true,"showVisualEffectGraphs":true,"m_FxEnabled":true},"in2DMode":false,"pivot":{"x":0.7045320868492127,"y":25.870365142822267,"z":0.4167003631591797},"rotation":{"x":-0.01680940017104149,"y":0.005096277687698603,"z":-0.00008362556400243193,"w":-0.9998550415039063},"size":10.863310813903809,"orthographic":false}