{"cameraMode":{"drawMode":0,"name":"Shaded","section":"Shading Mode"},"sceneLighting":false,"audioPlay":false,"sceneViewState":{"showFog":true,"showMaterialUpdate":false,"showSkybox":false,"showFlares":true,"showImageEffects":true,"showParticleSystems":true,"showVisualEffectGraphs":true,"m_FxEnabled":true},"in2DMode":false,"pivot":{"x":-0.9548864960670471,"y":24.031230926513673,"z":0.3377876281738281},"rotation":{"x":-0.01680940017104149,"y":0.005096277687698603,"z":-0.00008362556400243193,"w":-0.9998550415039063},"size":11.331389427185059,"orthographic":false}