{"cameraMode":{"drawMode":0,"name":"Shaded","section":"Shading Mode"},"sceneLighting":false,"audioPlay":false,"sceneViewState":{"showFog":true,"showMaterialUpdate":false,"showSkybox":false,"showFlares":true,"showImageEffects":true,"showParticleSystems":true,"showVisualEffectGraphs":true,"m_FxEnabled":true},"in2DMode":false,"pivot":{"x":-1.823697566986084,"y":-1.608862280845642,"z":0.032464027404785159},"rotation":{"x":-0.07223968207836151,"y":0.014059842564165593,"z":-0.00101842125877738,"w":-0.9972881078720093},"size":2.3224971294403078,"orthographic":false}