{"cameraMode":{"drawMode":0,"name":"Shaded","section":"Shading Mode"},"sceneLighting":false,"audioPlay":false,"sceneViewState":{"showFog":true,"showMaterialUpdate":false,"showSkybox":false,"showFlares":true,"showImageEffects":true,"showParticleSystems":true,"showVisualEffectGraphs":true,"m_FxEnabled":true},"in2DMode":false,"pivot":{"x":19.169273376464845,"y":-10.237387657165528,"z":0.3382282257080078},"rotation":{"x":-0.03630172833800316,"y":0.00509329978376627,"z":-0.00018871264182962477,"w":-0.999334990978241},"size":9.801393508911133,"orthographic":false}