{"cameraMode":{"drawMode":0,"name":"Shaded","section":"Shading Mode"},"sceneLighting":false,"audioPlay":false,"sceneViewState":{"showFog":true,"showMaterialUpdate":false,"showSkybox":false,"showFlares":true,"showImageEffects":true,"showParticleSystems":true,"showVisualEffectGraphs":true,"m_FxEnabled":true},"in2DMode":false,"pivot":{"x":0.3978729248046875,"y":-4.487044811248779,"z":0.32468605041503909},"rotation":{"x":-0.03630172833800316,"y":0.00509329978376627,"z":-0.00018871264182962477,"w":-0.999334990978241},"size":8.099748611450196,"orthographic":false}