{"cameraMode":{"drawMode":0,"name":"Shaded","section":"Shading Mode"},"sceneLighting":false,"audioPlay":false,"sceneViewState":{"showFog":true,"showMaterialUpdate":false,"showSkybox":false,"showFlares":true,"showImageEffects":true,"showParticleSystems":true,"showVisualEffectGraphs":true,"m_FxEnabled":true},"in2DMode":false,"pivot":{"x":-2.8658955097198488,"y":-0.6389776468276978,"z":0.1661815643310547},"rotation":{"x":-0.01680940017104149,"y":0.005096277687698603,"z":-0.00008362556400243193,"w":-0.9998550415039063},"size":8.802447319030762,"orthographic":false}