{"cameraMode":{"drawMode":0,"name":"Shaded","section":"Shading Mode"},"sceneLighting":false,"audioPlay":false,"sceneViewState":{"showFog":true,"showMaterialUpdate":false,"showSkybox":false,"showFlares":true,"showImageEffects":true,"showParticleSystems":true,"showVisualEffectGraphs":true,"m_FxEnabled":true},"in2DMode":false,"pivot":{"x":1.0753896236419678,"y":0.47119447588920596,"z":0.05459785461425781},"rotation":{"x":-0.04379520192742348,"y":0.006590283941477537,"z":-0.00029289317899383605,"w":-0.9990242123603821},"size":2.2765047550201418,"orthographic":false}