{"cameraMode":{"drawMode":0,"name":"Shaded","section":"Shading Mode"},"sceneLighting":false,"audioPlay":false,"sceneViewState":{"showFog":true,"showMaterialUpdate":false,"showSkybox":false,"showFlares":true,"showImageEffects":true,"showParticleSystems":true,"showVisualEffectGraphs":true,"m_FxEnabled":true},"in2DMode":false,"pivot":{"x":15.658548355102539,"y":-8.266369819641114,"z":-0.24682044982910157},"rotation":{"x":-0.03630172833800316,"y":0.00509329978376627,"z":-0.00018871264182962477,"w":-0.999334990978241},"size":10.81738567352295,"orthographic":false}