{"cameraMode":{"drawMode":0,"name":"Shaded","section":"Shading Mode"},"sceneLighting":false,"audioPlay":false,"sceneViewState":{"showFog":true,"showMaterialUpdate":false,"showSkybox":false,"showFlares":true,"showImageEffects":true,"showParticleSystems":true,"showVisualEffectGraphs":true,"m_FxEnabled":true},"in2DMode":false,"pivot":{"x":1.5099999904632569,"y":-3.3199996948242189,"z":-0.10000000149011612},"rotation":{"x":-0.04379520192742348,"y":0.006590283941477537,"z":-0.00029289317899383605,"w":-0.9990242123603821},"size":1.4177446365356446,"orthographic":false}