{"cameraMode":{"drawMode":0,"name":"Shaded","section":"Shading Mode"},"sceneLighting":false,"audioPlay":false,"sceneViewState":{"showFog":true,"showMaterialUpdate":false,"showSkybox":false,"showFlares":true,"showImageEffects":true,"showParticleSystems":true,"showVisualEffectGraphs":true,"m_FxEnabled":true},"in2DMode":false,"pivot":{"x":9.42284107208252,"y":2.6983861923217775,"z":-0.9867420196533203},"rotation":{"x":-0.01680940017104149,"y":0.005096277687698603,"z":-0.00008362556400243193,"w":-0.9998550415039063},"size":10.832064628601075,"orthographic":false}