{"cameraMode":{"drawMode":0,"name":"Shaded","section":"Shading Mode"},"sceneLighting":false,"audioPlay":false,"sceneViewState":{"showFog":true,"showMaterialUpdate":false,"showSkybox":false,"showFlares":true,"showImageEffects":true,"showParticleSystems":true,"showVisualEffectGraphs":true,"m_FxEnabled":true},"in2DMode":false,"pivot":{"x":44.84735870361328,"y":15.521395683288575,"z":0.5204963684082031},"rotation":{"x":-0.03630172833800316,"y":0.00509329978376627,"z":-0.00018871264182962477,"w":-0.999334990978241},"size":10.203933715820313,"orthographic":false}